TimeLeft,StrideLeft(cm),ContactTimeLeft(s),Left0,Left1,Left2,Left3,Left4,LPeak1,LPTime1,LPeak2,LPTime2,LPeak3,LPTime3,LPeak4,LPTime4,LPeak5,LPTime5,TIL0_1,TIL1_2,TIL2_3,TIL3_4,,TimeRight,StrideRight,ContactTimeRight,Right0,Right1,Right2,Right3,Right4,RPeak1,RPTime1,RPeak2,RPTime2,RPeak3,RPTime3,RPeak4,RPTime4,RPeak5,RPTime5,TIR0_1,TIR1_2,TIR2_3,TIR3_4
,,,,,,,,,,,,,,,,,,,,,,,12.546474243,8.863912000000001,0.258965389,1,2,3,4,0,986,0.120787305,931,0.118339732,941,0.065777934,949,0.043825677,2000,0.0,0.00244817,1.66037E-4,0.007274422,0.0
13.16441387,103.56069316666665,0.823722503,4,3,5,2,1,978,0.165149899,922,0.284506659,991,0.067671041,970,0.417248519,908,0.156845756,0.171917157,12.712416278,12.880416684,0.048835523,,,,,,,,,,,,,,,,,,,,,,,
,,,,,,,,,,,,,,,,,,,,,,,13.696914933,97.3713725,0.734858345,5,3,4,2,1,985,0.065804784,922,0.367510353,941,0.18341754,947,0.383668873,909,0.202584071,0.149750766,0.889496083,0.166473304,1.216091137
14.183019417,91.502548,0.636736841,3,5,4,2,1,963,0.148805175,937,0.018430315,969,0.11665274,990,0.248480028,902,0.06696259,0.234215761,1.433883052,6.15038E-4,1.164908765,,,,,,,,,,,,,,,,,,,,,,,
,,,,,,,,,,,,,,,,,,,,,,,14.564041119,91.502548,0.468741727,5,3,4,2,1,962,6.13E-7,931,0.216636428,931,0.199286978,941,0.18090407,921,0.087959778,0.087816361,1.084339241,0.017350106,1.117427025
14.998729698,80.62618950000001,0.419674188,3,4,5,2,1,946,0.198576428,932,0.099787583,956,0.132906113,940,0.117728675,915,0.052012608,0.066208294,0.899614743,4.60712E-4,0.015284855,,,,,,,,,,,,,,,,,,,,,,,
,,,,,,,,,,,,,,,,,,,,,,,15.347626645,72.51654016666667,0.333470889,5,3,4,2,1,988,0.150378121,933,0.202102296,934,0.168530039,924,0.199239528,907,0.032552142,0.03239018,0.878955806,0.033573043,0.933672213
15.846962767,69.47329666666666,0.415968428,3,4,5,2,1,951,0.167303146,940,0.118171657,963,0.064205386,943,0.131521388,900,0.098517833,0.050365868,0.916722365,5.39127E-4,0.018988271,,,,,,,,,,,,,,,,,,,,,,,
,,,,,,,,,,,,,,,,,,,,,,,16.198376735,75.04383633333335,0.317117748,0,2,4,3,1,2000,0.150378121,931,0.151324604,932,0.134421868,930,0.131588343,909,0.014709654,0.031828584,3.18583E-4,0.883525,0.933672213
16.297317856,63.87534900000001,0.032809194,0,0,0,0,1,2000,0.167303146,2000,0.118171657,2000,0.064205386,2000,0.131521388,891,0.014662068,0.050365868,0.916722365,5.39127E-4,0.018988271,,,,,,,,,,,,,,,,,,,,,,,
16.631723255,74.76322283333334,0.301886432,2,3,4,1,0,952,0.200265896,946,0.09874704,956,0.098362833,965,0.133162975,2000,0.014662068,0.015286845,0.034214415,3.84687E-4,0.018988271,,,,,,,,,,,,,,,,,,,,,,,
,,,,,,,,,,,,,,,,,,,,,,,17.015919577,61.386633999999994,0.317725835,5,3,4,2,1,1007,1.49E-7,933,0.129774922,929,0.115203622,933,0.13591789,908,0.030741928,0.046745306,0.852116003,4.13682E-4,0.852496183
17.482372206,63.76735566666667,0.401613502,3,4,5,2,1,955,0.183286346,954,0.066408108,960,0.081912271,955,0.117068072,887,0.04907365,0.065717615,0.851397064,6.16445E-4,0.049956752,,,,,,,,,,,,,,,,,,,,,,,
,,,,,,,,,,,,,,,,,,,,,,,17.831100831,69.36266433333333,0.33416582,5,2,3,4,1,988,0.031956874,930,0.132650404,930,0.165960196,929,0.115645112,908,0.048215552,0.066896585,5.37795E-4,4.3544E-4,0.981696206
18.348437412,69.83634233333333,0.486556646,3,4,5,2,1,943,0.19948331,955,0.047563566,953,0.116258992,961,0.083513152,894,0.068001702,0.100664187,0.834128493,6.08266E-4,0.016408839,,,,,,,,,,,,,,,,,,,,,,,
,,,,,,,,,,,,,,,,,,,,,,,18.649246457,69.83634233333333,0.368346486,5,2,3,4,1,991,0.201224526,930,0.166775345,928,0.166369207,936,0.099132675,909,0.067599951,0.082246617,4.06636E-4,1.81407E-4,0.813282519
19.081730879,66.4590375,0.402077674,3,4,5,2,1,944,0.182360714,946,0.165941008,949,0.031437429,953,0.098700793,891,0.033301297,0.084547367,0.817254575,5.28688E-4,0.066893309,,,,,,,,,,,,,,,,,,,,,,,
,,,,,,,,,,,,,,,,,,,,,,,19.512349446,67.02222466666667,0.430562382,5,2,3,4,1,960,0.131727171,936,0.133676594,936,0.133313056,938,0.099629234,915,0.098803731,0.097034792,3.64009E-4,6.1223E-4,0.833218235
19.953423117,61.182269166666664,0.416541688,4,3,5,2,1,943,0.167494387,949,0.150503058,987,0.148386743,955,0.099359093,890,1.92E-7,0.050520937,0.855714312,0.922348117,7.4255E-4,,,,,,,,,,,,,,,,,,,,,,,
,,,,,,,,,,,,,,,,,,,,,,,20.370010027,66.69341783333333,0.466034202,5,3,4,2,1,965,0.214595759,955,0.251087228,959,0.299388886,960,0.151070731,892,0.032901874,0.049544137,0.806097373,0.034539551,0.924452779
20.80478191,72.1672605,0.500646234,3,5,4,2,1,944,0.181997793,955,0.0352272,965,0.097931221,991,0.149353315,936,0.081684428,0.09857407,0.983155009,7.28135E-4,0.95036052,,,,,,,,,,,,,,,,,,,,,,,
21.253660571,66.559023,0.11716735,0,0,0,0,1,2000,0.181997793,2000,0.0352272,2000,0.097931221,2000,0.149353315,913,0.049644245,0.09857407,0.983155009,7.28135E-4,0.95036052,,,,,,,,,,,,,,,,,,,,,,,
,,,,,,,,,,,,,,,,,,,,,,,21.255105541,66.559023,0.517964588,5,3,4,2,1,967,0.117777793,941,0.266760316,941,0.150931781,961,0.264473799,885,0.048740887,0.067744086,0.916871629,0.115830551,1.033302549
21.652074053,50.1821245,0.38261932,4,2,5,1,3,943,0.183630872,934,0.232789404,973,0.099490834,990,0.216670353,1005,2.0E-7,0.049889,0.067833575,0.865534738,5.53631E-4,,,,,,,,,,,,,,,,,,,,,,,
21.770160636,30.299518333333335,0.017815989,1,0,0,0,0,1010,2.04E-7,2000,0.232789404,2000,0.099490834,2000,0.216670353,2000,2.0E-7,0.049889,0.067833575,0.865534738,5.53631E-4,,,,,,,,,,,,,,,,,,,,,,,
22.070483544,72.04276550000002,0.06767962,0,0,0,0,1,2000,2.04E-7,2000,0.232789404,2000,0.099490834,2000,0.216670353,927,0.033905838,0.049889,0.067833575,0.865534738,5.53631E-4,,,,,,,,,,,,,,,,,,,,,,,
,,,,,,,,,,,,,,,,,,,,,,,22.086963554,85.75806033333333,0.516414373,5,3,4,2,1,961,0.134606199,937,0.301182145,938,0.232841748,971,0.301280745,892,0.115325427,0.081666573,0.897273948,0.068340931,0.89938236
22.554447192,61.27578583333334,0.469350971,5,2,4,1,3,946,0.183238687,938,0.234986682,966,0.116216776,992,0.284726083,990,8.5E-8,0.117840362,0.031909077,0.882688978,0.850808109,,,,,,,,,,,,,,,,,,,,,,,
,,,,,,,,,,,,,,,,,,,,,,,22.953747724,75.03162466666666,0.500996166,5,3,4,2,1,979,0.050497454,940,0.18308327,940,0.182867251,973,0.265104341,892,0.085249019,0.085024228,1.000714598,2.16643E-4,0.981882069
23.387277406,66.56756333333334,0.484337255,3,5,4,2,1,950,0.166764681,934,0.067891547,974,0.117603929,979,0.233112557,893,0.015430453,0.067291365,0.965472,4.73302E-4,0.948727127,,,,,,,,,,,,,,,,,,,,,,,
,,,,,,,,,,,,,,,,,,,,,,,23.819157243,72.48590666666666,0.516810588,5,3,4,2,1,963,0.133436512,942,0.199464546,942,0.165217203,971,0.264918619,890,0.08509858,0.084987906,0.931497709,0.034248643,0.932946104
24.253668355,69.52758616666667,0.516407237,3,5,4,2,1,940,0.183549782,950,7.4E-8,970,0.083843465,992,0.23154579,886,0.048798344,0.099087722,1.03208538,6.3049E-4,0.917482437,,,,,,,,,,,,,,,,,,,,,,,
24.322166319,22.00531433333333,0.035707574,1,0,0,0,0,1009,0.014727575,2000,7.4E-8,2000,0.083843465,2000,0.23154579,2000,0.048798344,0.099087722,1.03208538,6.3049E-4,0.917482437,,,,,,,,,,,,,,,,,,,,,,,
,,,,,,,,,,,,,,,,,,,,,,,24.654258544,71.72949516666667,0.499830988,5,3,4,2,1,960,0.150539997,942,0.284514028,942,0.231658489,968,0.331969087,892,0.046959792,0.099307444,0.913854016,0.052856423,0.948856735
25.088505174,69.57745183333333,0.503701442,3,5,4,2,1,937,0.167365327,946,0.0173423,976,0.083268871,989,0.233458988,878,0.08548602,0.102336662,1.016476173,5.8252E-4,0.933400575,,,,,,,,,,,,,,,,,,,,,,,
,,,,,,,,,,,,,,,,,,,,,,,25.502966357,77.92015850000001,0.500697452,5,3,4,2,1,967,0.14883385,947,0.215968971,945,0.167885599,973,0.185096851,893,0.086310369,0.100343531,0.916905679,0.048084141,0.898668953
25.969183757,64.15704966666668,0.499394549,3,5,4,2,1,948,0.217609977,942,0.085813852,984,0.115954231,988,0.216128238,872,0.016823608,0.049867488,0.998876729,0.067344049,0.915507642,,,,,,,,,,,,,,,,,,,,,,,
,,,,,,,,,,,,,,,,,,,,,,,26.386743902,83.10807799999999,0.532011976,5,2,4,3,1,974,0.115783059,940,0.333493519,941,0.234392985,965,0.248819579,896,0.080692499,0.098249264,3.11778E-4,0.88144209,0.951966931
26.838519787,63.949918499999995,0.485138997,4,3,5,2,1,961,0.116108853,911,0.115606654,997,0.03326365,965,0.200457783,872,0.032548705,0.08255322,1.068286523,0.967569727,0.032367568,,,,,,,,,,,,,,,,,,,,,,,
,,,,,,,,,,,,,,,,,,,,,,,27.270529354,77.64166583333332,0.533449191,5,3,4,2,1,962,0.133123533,943,0.20149452,943,0.149606351,977,0.280573342,885,0.066593611,0.101482662,1.000037909,0.016509939,0.984432197
27.721670583,75.03566616666664,0.518741068,3,5,4,2,1,943,0.199258093,940,0.032388141,981,0.164574934,992,0.132180067,904,0.034275075,0.06677834,1.017949408,5.90411E-4,0.900053791,,,,,,,,,,,,,,,,,,,,,,,
,,,,,,,,,,,,,,,,,,,,,,,28.170320294,66.6818185,0.517176297,5,3,4,2,1,970,0.116793982,945,0.249985319,945,0.164926021,971,0.267146453,888,0.117677574,0.048828979,0.9652121,0.0494954,0.96743647
28.621084454,77.61867083333333,0.567849895,3,5,4,2,1,947,0.181373959,936,0.018252335,987,0.098389847,989,0.266346159,883,0.10036122,0.116195933,1.100951055,6.59326E-4,1.014941954,,,,,,,,,,,,,,,,,,,,,,,
29.005507498,75.3213895,0.034632216,0,0,0,0,1,2000,0.181373959,2000,0.018252335,2000,0.098389847,2000,0.266346159,934,0.01544617,0.116195933,1.100951055,6.59326E-4,1.014941954,,,,,,,,,,,,,,,,,,,,,,,
,,,,,,,,,,,,,,,,,,,,,,,29.103530428,94.67294416666667,0.5845833,5,3,4,2,1,977,0.169370872,947,0.301875314,950,0.149294823,975,0.235076903,886,0.051001059,0.083009668,0.967916302,0.084128256,0.949122664
29.505546643,52.50760216666667,0.418561768,4,3,5,1,2,943,0.230944469,944,0.182395871,978,0.117063104,992,0.166198137,953,0.047417818,8.35928E-4,1.017719061,0.833369682,0.032251027,,,,,,,,,,,,,,,,,,,,,,,
,,,,,,,,,,,,,,,,,,,,,,,29.954759359,78.10504283333333,0.552728734,5,3,4,2,1,984,0.150869778,952,0.233313027,951,0.232996096,982,0.21656164,892,0.103717209,0.085330257,0.95126314,3.17395E-4,0.931819354
30.387536978,69.31684366666667,0.516876778,4,3,5,2,1,949,0.299948691,965,0.231284145,972,0.149040637,1000,0.167132383,886,0.033813997,0.083342827,0.933306416,0.848612237,0.067609754,,,,,,,,,,,,,,,,,,,,,,,
,,,,,,,,,,,,,,,,,,,,,,,30.803778689,72.34431500000001,0.517217014,5,3,4,2,1,990,0.182759252,949,0.248285014,950,0.197709179,977,0.168948134,889,0.1010033,0.115409658,0.949379209,0.050576367,1.000570804
31.269459936,74.88257766666666,0.548833128,3,5,4,2,1,943,0.233809033,948,0.0831888,976,0.165340925,996,0.199579289,893,0.114720821,0.132656703,1.032725852,0.017848645,1.034368039,,,,,,,,,,,,,,,,,,,,,,,
31.671702502,75.11055816666666,0.051116093,0,0,0,0,1,2000,0.233809033,2000,0.0831888,2000,0.165340925,2000,0.199579289,933,0.014793475,0.132656703,1.032725852,0.017848645,1.034368039,,,,,,,,,,,,,,,,,,,,,,,
,,,,,,,,,,,,,,,,,,,,,,,31.688614309,86.16380433333333,0.518690561,5,3,4,2,1,975,0.09852777,947,0.248931697,947,0.19811264,974,0.233729129,889,0.118012902,0.099553544,0.935813754,0.050819501,1.000872356
32.155848332,61.00739966666666,0.468942935,3,5,4,2,1,941,0.300277804,969,0.081606432,977,0.149380341,997,0.099316874,894,0.05075683,0.067302021,0.916166769,0.100519913,0.966763446,,,,,,,,,,,,,,,,,,,,,,,
,,,,,,,,,,,,,,,,,,,,,,,32.587683887,75.2092655,0.534731497,5,3,4,2,1,974,0.098061245,947,0.264425349,947,0.233548828,972,0.246646901,887,0.116444025,0.102937489,0.951990031,0.030876976,0.99922563
33.021033217,77.68753983333333,0.51682774,3,5,4,2,1,944,0.231893392,975,0.0835524,976,0.134121988,1000,0.184489184,911,0.033066123,0.099355057,0.966523911,0.031791915,0.981954729,,,,,,,,,,,,,,,,,,,,,,,
,,,,,,,,,,,,,,,,,,,,,,,33.436599591,64.0517815,0.466268737,5,3,4,2,1,972,0.166876069,949,0.25139869,949,0.215038882,980,0.249778339,887,0.065451647,0.050734745,0.930128833,0.03636024,0.968952667
33.905269201,77.3178425,0.550627611,3,4,5,2,1,950,0.217180014,930,0.083538823,985,0.117754677,974,0.15195346,886,0.116237885,0.081122305,1.033404282,0.049806034,0.032416693,,,,,,,,,,,,,,,,,,,,,,,
,,,,,,,,,,,,,,,,,,,,,,,34.320779259,72.31826199999999,0.502230709,5,3,4,2,1,970,0.166543632,948,0.250709766,947,0.215928851,982,0.301185491,889,0.05262942,0.067368776,0.931128376,0.034781519,0.963948606
34.822624355,75.16092199999999,0.570165868,3,5,4,2,1,954,0.185439346,924,0.066991525,981,0.100532072,983,0.249254102,896,0.067630613,0.085298968,1.116822296,5.77367E-4,0.89993263,,,,,,,,,,,,,,,,,,,,,,,
,,,,,,,,,,,,,,,,,,,,,,,35.205587845,69.49059766666667,0.502163362,5,3,4,2,1,985,0.167386511,943,0.232347745,943,0.148356394,973,0.28226953,885,0.05014788,0.083544276,0.968609917,0.083991841,0.99995408
35.669373347,75.21392633333332,0.549006754,3,5,4,2,1,942,0.183785508,934,0.033733831,981,0.132615603,988,0.217735232,896,0.099164399,0.099052769,1.065799157,5.5835E-4,0.949832379,,,,,,,,,,,,,,,,,,,,,,,
,,,,,,,,,,,,,,,,,,,,,,,36.089594886,69.345171,0.517943697,5,3,4,2,1,965,0.115702456,944,0.284403663,944,0.200740572,972,0.268586177,893,0.097756949,0.081165194,0.900124382,0.083663618,0.917273984
36.555404495,77.51440583333334,0.567683082,4,5,3,2,1,947,0.182904908,946,0.051912666,979,0.11862018,994,0.201248765,886,0.100532411,0.115632585,1.033509903,0.86634441,0.049736262,,,,,,,,,,,,,,,,,,,,,,,
36.887376277,69.41001666666666,0.018107938,0,0,0,0,1,2000,0.182904908,2000,0.051912666,2000,0.11862018,2000,0.201248765,929,5.77E-7,0.115632585,1.033509903,0.86634441,0.049736262,,,,,,,,,,,,,,,,,,,,,,,
,,,,,,,,,,,,,,,,,,,,,,,36.937609442,77.952268,0.484801337,5,3,4,2,1,971,0.117027532,946,0.266581649,948,0.24721359,973,0.180545424,890,0.034058075,0.102617042,0.916740319,0.019368532,0.96508615
37.372946061,66.59975750000001,0.45242407,3,5,4,2,1,946,0.16618234,938,0.051940514,983,0.083630675,991,0.136172555,898,0.032287998,0.081637001,1.050581132,5.57478E-4,0.916281997,,,,,,,,,,,,,,,,,,,,,,,
,,,,,,,,,,,,,,,,,,,,,,,37.787730401,72.22308866666667,0.467609316,5,3,4,2,1,977,0.115817328,943,0.300099261,945,0.198578267,972,0.216747919,893,0.06794731,0.067808312,0.898587803,3.13007E-4,0.999316052
38.254556928,66.57605533333334,0.501098359,3,5,4,2,1,943,0.185828131,936,0.065747671,982,0.150896866,989,0.11711317,889,1.87E-7,0.050264171,0.983666634,5.28736E-4,0.917009932,,,,,,,,,,,,,,,,,,,,,,,
,,,,,,,,,,,,,,,,,,,,,,,38.687679209,72.15887916666667,0.534763762,5,3,4,2,1,980,0.149300308,947,0.267527315,946,0.199627505,971,0.234010456,886,0.05103437,0.083513976,0.899186102,0.067900388,0.982661468
39.106056892,72.318751,0.520188352,5,3,4,2,1,949,0.251057489,962,0.217566906,977,0.24961337,997,0.133151677,895,0.100757607,0.118156483,0.933055916,0.033387043,0.81629065,,,,,,,,,,,,,,,,,,,,,,,
39.504865923,72.17096266666665,0.052059448,0,0,0,0,1,2000,0.251057489,2000,0.217566906,2000,0.24961337,2000,0.133151677,928,0.034362104,0.118156483,0.933055916,0.033387043,0.81629065,,,,,,,,,,,,,,,,,,,,,,,
,,,,,,,,,,,,,,,,,,,,,,,39.554652459,88.95342916666668,0.534871229,5,3,4,2,1,989,0.032098568,949,0.231352306,949,0.198114613,975,0.20137885,889,0.06595668,0.100635949,0.935127365,0.033238354,0.96667126
40.004890218,55.71528566666668,0.451388684,4,3,5,2,1,955,0.267798602,972,0.267392127,980,0.2337665,997,0.151183177,897,1.67E-7,0.016288292,0.883808552,0.916631252,6.13105E-4,,,,,,,,,,,,,,,,,,,,,,,
,,,,,,,,,,,,,,,,,,,,,,,40.404673163,75.08809916666667,0.516879997,5,3,4,2,1,975,0.116680436,950,0.282300568,950,0.248876649,970,0.233632252,889,0.065218917,0.082938895,0.901109774,0.033424408,0.982351376
40.870317848,74.80892133333334,0.531996197,4,5,3,2,1,952,0.165676334,929,0.083146043,980,0.198868462,993,0.08456559,900,0.098548497,0.098427734,1.018513216,1.049633273,0.033270073,,,,,,,,,,,,,,,,,,,,,,,
,,,,,,,,,,,,,,,,,,,,,,,41.304778499,74.88740233333334,0.517602954,5,3,4,2,1,999,0.166712197,953,0.283183945,954,0.201054188,965,0.216523597,892,0.048990787,0.083166402,0.950024991,0.082130275,1.031790729
41.753937461,75.32695716666667,0.517437694,3,4,5,2,1,954,0.199909111,916,0.085954439,989,0.051701771,980,0.115426705,888,0.100838061,0.117333907,1.083950794,0.050032092,0.034253842,,,,,,,,,,,,,,,,,,,,,,,
,,,,,,,,,,,,,,,,,,,,,,,42.257002723,77.60700033333333,0.5685399,5,3,4,2,1,973,0.099691251,944,0.283493906,944,0.183769574,967,0.285014375,893,0.048781698,0.081564951,1.0007866,0.03356838,1.000867047
42.671488141,69.3217815,0.517384936,3,5,4,2,1,950,0.182214863,930,0.082177201,979,0.149484847,986,0.149667893,887,0.033864066,0.051177472,1.051479896,0.015233913,0.883467515,,,,,,,,,,,,,,,,,,,,,,,
,,,,,,,,,,,,,,,,,,,,,,,43.088797632,77.95219983333334,0.518763247,5,3,4,2,1,985,0.150414755,944,0.282762092,944,0.216229648,966,0.281319381,888,0.117112239,0.085177582,0.950890369,0.066533164,0.965616858
43.573531025,72.46553766666666,0.535783562,3,5,4,2,1,956,0.14831036,939,0.100771873,982,0.13111355,983,0.182135078,904,0.11514417,0.06655092,1.09934983,0.017197709,0.915862677,,,,,,,,,,,,,,,,,,,,,,,
,,,,,,,,,,,,,,,,,,,,,,,43.990071717,74.83517866666666,0.517530475,5,3,4,2,1,977,0.084096465,948,0.250814568,947,0.200828891,969,0.246584323,889,0.114904807,0.101079011,0.982410869,0.049986148,1.032631599
44.45584132,83.06189333333333,0.534289436,4,3,5,2,1,944,0.29854408,947,0.267118088,982,0.249293924,987,0.11941156,914,0.115091579,0.08161156,0.966193839,0.81674573,4.66114E-4,,,,,,,,,,,,,,,,,,,,,,,
,,,,,,,,,,,,,,,,,,,,,,,44.956008216,75.20365516666666,0.536085089,5,3,4,2,1,987,0.164965026,944,0.348565805,951,0.249610178,974,0.201562147,890,0.051138618,0.050938266,0.915093657,0.066726888,0.984704797
45.372742896,69.5810805,0.501597654,3,5,4,2,1,944,0.31530479,937,0.083961345,980,0.18415389,992,0.148385086,892,0.066330705,0.033084481,0.985701837,0.081973166,1.049653751,,,,,,,,,,,,,,,,,,,,,,,
,,,,,,,,,,,,,,,,,,,,,,,45.854500058,74.86751133333334,0.56586862,5,3,4,2,1,979,0.134357749,953,0.332830411,953,0.30002354,970,0.131923639,889,0.050398868,0.066924712,0.934574542,0.032807449,1.048467906
46.289651943,75.07891450000001,0.551815287,3,5,4,2,1,955,0.282508956,942,0.065254448,979,0.133469809,996,0.182445076,908,0.083214905,0.067541266,1.034334983,0.065769564,1.01824717,,,,,,,,,,,,,,,,,,,,,,,
46.688027785,75.07901133333333,0.049243805,0,0,0,0,1,2000,0.282508956,2000,0.065254448,2000,0.133469809,2000,0.182445076,952,0.033032743,0.067541266,1.034334983,0.065769564,1.01824717,,,,,,,,,,,,,,,,,,,,,,,
,,,,,,,,,,,,,,,,,,,,,,,46.70581658,75.07901133333333,0.517506016,5,3,4,2,1,982,0.134874955,950,0.266692727,951,0.215518479,975,0.282800508,895,0.117482598,0.066142953,0.965570776,0.051174755,1.066026779
47.171802663,52.62962650000001,0.416379704,3,5,4,1,2,946,0.249844843,954,0.064462851,979,0.165933093,993,0.148546582,963,0.016775976,0.09914906,1.065621574,0.016553938,0.984689014,,,,,,,,,,,,,,,,,,,,,,,
,,,,,,,,,,,,,,,,,,,,,,,47.605567928,74.787509,0.534366182,5,3,4,2,1,1001,0.066099865,953,0.250278359,953,0.200655861,970,0.216887513,891,0.133341313,0.082916476,0.967209911,0.06521331,1.015390258
48.073234935,72.40198849999999,0.553308467,3,5,4,2,1,942,0.215850804,950,0.083206728,978,0.16514078,993,0.099488938,908,0.135831858,0.151836936,0.933984149,6.36588E-4,0.967733301,,,,,,,,,,,,,,,,,,,,,,,
48.455174407,74.94943133333332,0.051140147,0,0,0,0,1,2000,0.215850804,2000,0.083206728,2000,0.16514078,2000,0.099488938,932,0.034672359,0.151836936,0.933984149,6.36588E-4,0.967733301,,,,,,,,,,,,,,,,,,,,,,,
,,,,,,,,,,,,,,,,,,,,,,,48.489688764,85.93390283333333,0.535349453,5,3,4,2,1,992,0.135129605,954,0.265125583,952,0.217056287,979,0.200009967,891,0.118981496,0.133123223,0.951745796,0.048069837,1.016745663
48.971286145,69.56733566666666,0.501343608,3,5,4,2,1,949,0.26695663,940,0.101687947,981,0.201187859,987,0.116579275,918,1.44E-7,0.084743242,0.965778201,0.048614528,0.948185113,,,,,,,,,,,,,,,,,,,,,,,
,,,,,,,,,,,,,,,,,,,,,,,49.388485606,72.46625216666668,0.501140094,5,3,4,2,1,976,0.133234474,948,0.265820009,948,0.199692414,975,0.250285814,891,0.100600169,0.068067416,0.916904128,0.05154964,1.017343652
49.837292308,74.86755333333335,0.515149575,3,5,4,2,1,946,0.282854837,984,0.05054099,983,0.182035753,997,0.133299461,892,0.049118272,0.06587174,0.933805844,5.49158E-4,0.934378125,,,,,,,,,,,,,,,,,,,,,,,
49.938051273,25.00379366666667,0.016680662,1,0,0,0,0,1010,8.24E-7,2000,0.05054099,2000,0.182035753,2000,0.133299461,2000,0.049118272,0.06587174,0.933805844,5.49158E-4,0.934378125,,,,,,,,,,,,,,,,,,,,,,,
,,,,,,,,,,,,,,,,,,,,,,,50.271784733,69.62452700000001,0.500436448,5,3,4,2,1,983,0.080772369,954,0.231643122,950,0.114503245,972,0.182911913,885,0.084132968,0.100582392,0.96668793,0.050235338,0.950151027
50.738691098,77.60574849999999,0.549596003,4,5,3,2,1,957,0.182599385,942,0.116424362,977,0.184399598,996,0.134862082,898,0.08207931,0.081946938,1.066214797,0.983637546,0.050076086,,,,,,,,,,,,,,,,,,,,,,,
,,,,,,,,,,,,,,,,,,,,,,,51.173140164,71.94411333333335,0.518409573,5,3,4,2,1,977,0.114637005,942,0.248938446,943,0.165461839,955,0.249731913,884,0.083985417,0.100482652,0.950146175,0.067274775,0.999820943
51.623654008,78.30028566666667,0.537259418,4,5,3,2,1,958,0.18356226,944,0.051832593,979,0.198863603,998,0.215187052,919,0.068222641,0.085689999,1.067962638,0.918401448,0.098314296,,,,,,,,,,,,,,,,,,,,,,,
52.021676168,72.12557083333334,0.032725482,0,0,0,0,1,2000,0.18356226,2000,0.051832593,2000,0.198863603,2000,0.215187052,927,0.016274897,0.085689999,1.067962638,0.918401448,0.098314296,,,,,,,,,,,,,,,,,,,,,,,
,,,,,,,,,,,,,,,,,,,,,,,52.056552996,80.182667,0.500356265,5,3,4,2,1,976,0.032347408,950,0.316060758,950,0.266812046,964,0.149794665,892,0.082718053,0.048657308,0.883347235,0.049249282,1.032921048
52.504785763,63.865924666666665,0.467493738,4,3,5,2,1,961,0.251051851,966,0.199583081,978,0.133920353,995,0.083206648,892,1.55E-7,0.049718635,0.984387661,0.849027446,0.034103026,,,,,,,,,,,,,,,,,,,,,,,
,,,,,,,,,,,,,,,,,,,,,,,52.922311832,69.45251616666667,0.501822163,5,3,4,2,1,979,0.11779248,946,0.267490038,952,0.267016576,965,0.167339762,895,0.08434137,0.067845204,0.916035594,0.034809957,1.017113244
53.404480434,75.28584366666668,0.567277648,3,4,5,2,1,949,0.232033633,936,0.082776857,982,0.116655815,985,0.165842718,961,0.019055824,0.084280045,1.05187754,0.033265827,1.0423E-4,,,,,,,,,,,,,,,,,,,,,,,
,,,,,,,,,,,,,,,,,,,,,,,53.838785911,80.53185516666667,0.549867762,5,3,4,2,1,970,0.083540974,943,0.297986167,943,0.216656123,971,0.250360991,891,0.115725545,0.115603693,0.933973557,0.08133062,1.099051981
54.30556575,72.327386,0.533456861,4,5,3,2,1,953,0.218765944,939,0.018399157,978,0.119094165,990,0.165959818,893,0.034248537,0.050150931,1.09918635,0.89814039,0.084334275,,,,,,,,,,,,,,,,,,,,,,,
,,,,,,,,,,,,,,,,,,,,,,,54.741260955,77.67653466666667,0.535186514,5,3,4,2,1,967,0.200172345,953,0.315715089,945,0.234166337,976,0.167250173,892,0.049723995,0.066064748,0.917951359,0.015327268,0.95111205
55.189001988,69.4083105,0.516869591,3,5,4,2,1,956,0.198745768,938,0.050056462,982,0.117233521,992,0.199520195,897,0.048585622,0.033322277,1.09973538,5.55911E-4,0.952699172,,,,,,,,,,,,,,,,,,,,,,,
55.556641116,74.83919866666669,0.019022876,0,0,0,0,1,2000,0.198745768,2000,0.050056462,2000,0.117233521,2000,0.199520195,967,1.45E-7,0.033322277,1.09973538,5.55911E-4,0.952699172,,,,,,,,,,,,,,,,,,,,,,,
,,,,,,,,,,,,,,,,,,,,,,,55.60867637,86.24863966666666,0.520093445,5,3,4,2,1,965,0.098472443,943,0.282578341,944,0.184814731,975,0.297122962,886,0.117899333,0.084934598,0.950299968,0.082157587,1.101885948
56.089785319,63.823706,0.483711203,3,5,4,1,2,947,0.181611645,939,0.06667275,983,0.148347936,987,0.16675667,887,1.69E-7,9.16225E-4,1.134485702,7.25972E-4,0.949047527,,,,,,,,,,,,,,,,,,,,,,,
56.473747424,72.26827316666667,0.051120585,0,0,0,0,1,2000,0.181611645,2000,0.06667275,2000,0.148347936,2000,0.16675667,993,0.033210008,9.16225E-4,1.134485702,7.25972E-4,0.949047527,,,,,,,,,,,,,,,,,,,,,,,
,,,,,,,,,,,,,,,,,,,,,,,56.507088795,83.22579133333335,0.518070656,5,3,4,2,1,993,0.184078816,947,0.250925414,947,0.215925351,978,0.249601141,888,0.100827956,0.083299296,0.947146777,0.035000731,0.967195067
56.988953455,69.42679266666667,0.500582413,3,5,4,2,1,955,0.216391504,937,0.083684883,981,0.215947565,990,0.181730581,900,0.017696868,0.033981522,1.115212292,4.45217E-4,0.931133541,,,,,,,,,,,,,,,,,,,,,,,
,,,,,,,,,,,,,,,,,,,,,,,57.404661335,66.89985333333333,0.499729352,5,3,4,2,1,974,4.8E-8,948,0.233338419,947,0.151545867,972,0.266473339,888,0.084064738,0.067677473,0.983925891,0.08179319,1.183952519
57.890440574,77.75935516666667,0.584108911,4,3,5,2,1,950,0.283033276,949,0.31389217,981,0.199873355,988,0.136106384,907,0.066231897,0.097926167,0.901089229,0.849886146,9.23119E-4,,,,,,,,,,,,,,,,,,,,,,,
58.25587075,72.22024183333335,0.04966239,0,0,0,0,1,2000,0.283033276,2000,0.31389217,2000,0.199873355,2000,0.136106384,933,0.032338058,0.097926167,0.901089229,0.849886146,9.23119E-4,,,,,,,,,,,,,,,,,,,,,,,
,,,,,,,,,,,,,,,,,,,,,,,58.3240841,83.17225883333333,0.551194315,5,2,4,3,1,968,0.1188778,947,0.298692414,948,0.268233069,976,0.164688066,892,0.119036119,0.117625614,5.57382E-4,0.864731527,0.932291294
58.77305081,63.7911695,0.50113031,3,5,4,2,1,956,0.232751344,930,0.083162208,982,0.116054649,989,0.217180157,915,1.71E-7,0.017292946,1.10090297,5.9722E-4,0.983226112,,,,,,,,,,,,,,,,,,,,,,,
59.139401255,72.45344916666666,0.05001307,0,0,0,0,1,2000,0.232751344,2000,0.083162208,2000,0.116054649,2000,0.217180157,933,0.032608216,0.017292946,1.10090297,5.9722E-4,0.983226112,,,,,,,,,,,,,,,,,,,,,,,
,,,,,,,,,,,,,,,,,,,,,,,59.189251538,83.19334549999999,0.534583169,5,3,4,2,1,981,0.084754346,949,0.251261145,945,0.201459325,979,0.167195469,893,0.083246774,0.09984109,0.896735375,0.034612424,1.01759158
59.672797866,66.97176950000001,0.518970176,3,5,4,2,1,962,0.249088026,935,0.068574268,976,0.133949546,995,0.264220239,954,1.63E-7,0.01932839,1.099858959,6.21843E-4,0.949311127,,,,,,,,,,,,,,,,,,,,,,,
,,,,,,,,,,,,,,,,,,,,,,,60.073314268,83.42754316666668,0.517654524,5,3,4,2,1,970,0.15014472,941,0.281822039,941,0.182765633,971,0.264604404,894,0.10158572,0.101370349,0.918341406,0.099056922,1.032529395
60.555780759,63.75890800000001,0.499557479,5,3,4,2,1,959,0.182962019,955,0.2313813,977,0.150072169,994,0.084338567,923,0.031779642,0.049174295,0.984246358,0.098066134,0.883408887,,,,,,,,,,,,,,,,,,,,,,,
,,,,,,,,,,,,,,,,,,,,,,,60.957338355,72.35297133333333,0.518559913,5,3,4,2,1,967,0.167806246,945,0.250820619,945,0.183838915,980,0.266941294,887,0.049354634,0.06739188,0.913742752,0.066982215,0.933596829
61.42242138,72.1352885,0.549526327,5,3,4,2,1,948,0.16702338,943,0.317653883,980,0.167183365,993,0.165764164,934,0.049149762,0.083202033,0.882652865,0.117221469,0.898934778,,,,,,,,,,,,,,,,,,,,,,,
61.790517156,77.73945033333332,0.018373083,0,0,0,0,1,2000,0.16702338,2000,0.317653883,2000,0.167183365,2000,0.165764164,976,1.6E-7,0.083202033,0.882652865,0.117221469,0.898934778,,,,,,,,,,,,,,,,,,,,,,,
,,,,,,,,,,,,,,,,,,,,,,,61.855950567,83.35535449999999,0.550243273,5,3,4,2,1,982,0.149872693,947,0.266291557,947,0.216330964,974,0.232526698,887,0.065380803,0.15050036,0.966066598,0.04996112,0.968854935
62.356072743,69.55451616666666,0.550233771,4,3,5,2,1,951,0.266417002,936,0.317551266,981,0.215280068,991,0.098302902,912,0.015435675,0.034210379,0.931245024,0.968695492,0.032867365,,,,,,,,,,,,,,,,,,,,,,,
,,,,,,,,,,,,,,,,,,,,,,,62.740092651,74.76775133333334,0.51692649,5,3,4,2,1,967,0.134166756,943,0.217118341,945,0.218798727,971,0.165584606,887,0.132928641,0.149367394,0.949425793,0.015444708,0.983511839
62.755057258,74.76775133333334,0.083285053,0,0,0,0,1,2000,0.266417002,2000,0.317551266,2000,0.215280068,2000,0.098302902,910,0.067685844,0.034210379,0.931245024,0.968695492,0.032867365,,,,,,,,,,,,,,,,,,,,,,,
63.189498039,55.359218666666656,0.416428086,3,5,4,1,2,960,0.133102344,940,0.083457713,979,0.132524006,993,0.216344957,956,0.066641926,0.115828824,1.132070833,5.79295E-4,1.065018783,,,,,,,,,,,,,,,,,,,,,,,
,,,,,,,,,,,,,,,,,,,,,,,63.642008074,77.99359483333333,0.536780255,5,3,4,2,1,971,0.133683056,944,0.248937779,944,0.184097201,965,0.201101465,884,0.048994238,0.150344315,0.917450273,0.048675375,0.984160169
64.089744033,69.30521466666667,0.516556932,4,5,3,2,1,952,0.133912891,947,0.051786641,981,0.165447224,991,0.184666091,916,0.032453135,0.082034549,0.917984243,0.901051595,0.0147919,,,,,,,,,,,,,,,,,,,,,,,
64.155967678,25.12333033333333,0.016209368,1,0,0,0,0,1010,1.65E-7,2000,0.051786641,2000,0.165447224,2000,0.184666091,2000,0.032453135,0.082034549,0.917984243,0.901051595,0.0147919,,,,,,,,,,,,,,,,,,,,,,,
64.507523896,77.77155633333334,0.051876518,0,0,0,0,1,2000,1.65E-7,2000,0.051786641,2000,0.165447224,2000,0.184666091,915,0.017675204,0.082034549,0.917984243,0.901051595,0.0147919,,,,,,,,,,,,,,,,,,,,,,,
,,,,,,,,,,,,,,,,,,,,,,,64.522994054,77.77155633333334,0.533975577,5,3,4,2,1,977,0.182251613,953,0.233083401,950,0.199221823,971,0.168332746,891,0.13484628,0.116650569,0.900440553,0.017100482,0.935151618
64.992237151,55.472054166666666,0.418726448,3,5,4,1,2,950,0.165873453,946,0.067749641,972,0.083454731,997,0.18461409,942,8.4E-8,0.09925235,1.101164918,8.01912E-4,0.93153548,,,,,,,,,,,,,,,,,,,,,,,
,,,,,,,,,,,,,,,,,,,,,,,65.405973053,74.980038,0.499630372,5,3,4,2,1,980,0.16786291,942,0.264498673,940,0.165665534,973,0.216983041,885,0.132550417,0.132382849,0.950916553,0.050184173,1.015582855
65.871466661,72.01949116666667,0.515243935,4,5,3,2,1,951,0.13266955,953,0.033149685,978,0.116920957,994,0.201644273,889,0.016624603,0.09833525,0.966226861,0.899281251,0.016154902,,,,,,,,,,,,,,,,,,,,,,,
65.957449728,25.20922066666667,0.017854979,1,0,0,0,0,1009,1.96E-7,2000,0.033149685,2000,0.116920957,2000,0.201644273,2000,0.016624603,0.09833525,0.966226861,0.899281251,0.016154902,,,,,,,,,,,,,,,,,,,,,,,
,,,,,,,,,,,,,,,,,,,,,,,66.272199611,69.55167933333333,0.483859524,5,3,4,2,1,974,0.085419947,951,0.198569014,951,0.197912089,977,0.150097837,887,0.033938627,0.083386823,0.918758464,6.57376E-4,0.914934209
66.740601225,77.90397533333334,0.534951363,3,5,4,2,1,945,0.283102233,964,0.047565693,980,0.181735562,995,0.115039429,901,0.049596474,0.100789596,0.935411212,0.016206177,0.884677014,,,,,,,,,,,,,,,,,,,,,,,
67.140159583,66.43485733333335,0.068476844,0,0,0,0,1,2000,0.283102233,2000,0.047565693,2000,0.181735562,2000,0.115039429,956,0.049438626,0.100789596,0.935411212,0.016206177,0.884677014,,,,,,,,,,,,,,,,,,,,,,,
,,,,,,,,,,,,,,,,,,,,,,,67.158469844,80.55794316666666,0.485387005,5,3,4,2,1,984,0.081500811,946,0.248771582,946,0.184098486,977,0.201863231,885,0.067595387,0.082039379,0.918604426,0.064673597,0.966933183
67.607831341,60.95692233333332,0.45140986,2,5,4,1,3,948,0.300623604,956,0.015734644,977,0.199477757,995,0.166224062,951,1.58E-7,0.099334726,0.03187467,0.915926386,1.083462811,,,,,,,,,,,,,,,,,,,,,,,
,,,,,,,,,,,,,,,,,,,,,,,68.090684666,77.83179133333334,0.568520112,5,3,4,2,1,970,0.150680169,946,0.299862184,947,0.181544955,975,0.250347475,888,0.116995548,0.100086758,0.900197625,0.118317847,0.968368411
68.506038071,72.01058933333334,0.51688353,4,5,3,2,1,953,0.148685469,937,0.01889514,982,0.149954555,989,0.100685942,899,0.100579736,0.115449334,0.967929899,0.98489764,0.082216599,,,,,,,,,,,,,,,,,,,,,,,
,,,,,,,,,,,,,,,,,,,,,,,68.956331442,72.43411366666666,0.535113795,5,3,4,2,1,996,1.16E-7,946,0.198681303,944,0.165860393,979,0.148898654,885,0.118110444,0.167851777,0.984185128,0.032821393,0.964216817
69.406481522,72.2436285,0.550659824,3,5,4,2,1,949,0.266466234,939,0.067382099,984,0.150790414,988,0.133278009,901,0.065862265,0.099683305,1.001258993,3.53862E-4,0.917095165,,,,,,,,,,,,,,,,,,,,,,,
,,,,,,,,,,,,,,,,,,,,,,,69.856862586,74.93859166666668,0.567578381,5,3,4,2,1,961,0.133144325,950,0.2514933,940,0.16612863,982,0.165278396,889,0.117248486,0.08307879,0.848984866,0.035075622,0.917145457
70.273386246,72.31674233333334,0.534470981,4,3,5,2,1,959,0.234613044,943,0.233329016,980,0.234067954,991,0.101290366,905,0.100052364,0.117207382,0.967027974,0.866915962,5.46086E-4,,,,,,,,,,,,,,,,,,,,,,,
,,,,,,,,,,,,,,,,,,,,,,,70.740221812,77.85997266666666,0.56740602,5,3,4,2,1,976,0.152319497,939,0.367084668,939,0.31876654,975,0.181534524,893,0.116457476,0.084462396,0.901071464,0.04831859,1.015069129
71.174631278,72.33259466666667,0.534646811,5,3,4,2,1,955,0.232460004,943,0.267661315,981,0.267735756,987,0.101084391,901,0.099483107,0.116170735,0.932845397,0.017264521,0.899560692,,,,,,,,,,,,,,,,,,,,,,,
71.607601755,77.8487315,0.066538359,0,0,0,0,1,2000,0.232460004,2000,0.267661315,2000,0.267735756,2000,0.101084391,897,0.032746941,0.116170735,0.932845397,0.017264521,0.899560692,,,,,,,,,,,,,,,,,,,,,,,
,,,,,,,,,,,,,,,,,,,,,,,71.60856511,77.8487315,0.534592243,5,3,4,2,1,967,0.11673808,939,0.267396811,939,0.215566631,978,0.250006402,883,0.100681758,0.115007827,0.98144209,0.051830703,1.067625925
72.108066713,58.44188066666667,0.450997724,3,5,4,1,2,957,0.184036485,927,0.131448776,983,0.148414077,988,0.13245965,978,2.07E-7,0.083097003,1.067534617,8.18158E-4,1.050928758,,,,,,,,,,,,,,,,,,,,,,,
,,,,,,,,,,,,,,,,,,,,,,,72.572740743,71.96108833333332,0.565019852,5,3,4,2,1,964,0.115917994,940,0.299561618,940,0.233814484,976,0.266793429,886,0.100404122,0.081707834,0.951353005,0.065747649,1.033424198
72.990180593,74.86841816666666,0.550694,4,5,3,2,1,963,0.132158397,924,0.081730304,980,0.133974406,989,0.132833838,914,0.051164103,0.150349666,0.998757199,0.966888763,5.96198E-4,,,,,,,,,,,,,,,,,,,,,,,
,,,,,,,,,,,,,,,,,,,,,,,73.459050063,83.46264599999998,0.570350241,5,3,4,2,1,980,0.116254074,943,0.298082377,942,0.248741559,974,0.264813285,886,0.085535737,0.101555775,0.967907084,0.049341256,1.033083677
73.940395335,77.95166133333333,0.550922138,3,5,4,2,1,961,0.182532756,923,0.066825887,980,0.146551947,987,0.298831001,897,0.100976129,0.067921903,1.101407443,6.923E-4,0.981092374,,,,,,,,,,,,,,,,,,,,,,,
74.006908048,16.71218133333333,0.049451677,1,0,0,0,0,1010,0.032283625,2000,0.066825887,2000,0.146551947,2000,0.298831001,2000,0.100976129,0.067921903,1.101407443,6.923E-4,0.981092374,,,,,,,,,,,,,,,,,,,,,,,
,,,,,,,,,,,,,,,,,,,,,,,74.406908788,72.1205125,0.549725036,5,3,4,2,1,985,0.134071624,943,0.300557583,943,0.215716327,967,0.30097286,890,0.03396114,0.065855592,0.999488768,0.084841838,1.098904022
74.875587285,80.72203083333335,0.585681073,4,5,3,2,1,955,0.166293065,936,0.065146583,971,0.150583432,996,0.18189683,926,0.084420722,0.101036233,1.13316177,0.949700651,0.050178417,,,,,,,,,,,,,,,,,,,,,,,
,,,,,,,,,,,,,,,,,,,,,,,75.322570799,80.31379533333333,0.548332158,5,3,4,2,1,978,0.117704087,941,0.284939742,941,0.202626813,962,0.333013512,889,0.148141532,0.08316293,1.033318405,0.082313549,1.06419404
75.806935909,75.20709883333335,0.550814055,3,4,5,2,1,960,0.198239098,924,0.063489898,982,0.148955318,982,0.267020965,910,0.132227672,0.099000407,1.183152317,0.034035826,1.40784E-4,,,,,,,,,,,,,,,,,,,,,,,
76.206298428,77.53862516666665,0.033702891,0,0,0,0,1,2000,0.198239098,2000,0.063489898,2000,0.148955318,2000,0.267020965,929,0.017103543,0.099000407,1.183152317,0.034035826,1.40784E-4,,,,,,,,,,,,,,,,,,,,,,,
,,,,,,,,,,,,,,,,,,,,,,,76.259872703,91.4230215,0.552508192,5,3,4,2,1,978,0.249792048,941,0.300146206,940,0.29982639,984,0.268845604,893,0.1327937,0.081128049,0.999803651,3.20495E-4,0.884491616
76.758509836,61.368101166666655,0.502607645,3,5,4,1,2,955,0.200854437,941,0.066548059,976,0.116079926,997,0.18467469,889,0.050460032,0.001555395,1.101254722,3.46134E-4,0.931620211,,,,,,,,,,,,,,,,,,,,,,,
77.123933339,80.655946,0.015887292,0,0,0,0,1,2000,0.200854437,2000,0.066548059,2000,0.116079926,2000,0.18467469,937,4.28E-7,0.001555395,1.101254722,3.46134E-4,0.931620211,,,,,,,,,,,,,,,,,,,,,,,
,,,,,,,,,,,,,,,,,,,,,,,77.140343786,85.937031,0.516233217,5,3,4,2,1,973,0.151433713,941,0.331095478,942,0.230910818,967,0.36643569,890,0.116202613,0.066738757,0.970165477,0.082247486,1.099731043
77.657229537,63.92041783333334,0.517496602,3,5,4,2,1,950,0.198998092,942,0.099305939,980,0.164258031,990,0.131407199,949,1.26E-7,0.017819846,1.11673187,5.43953E-4,0.967220232,,,,,,,,,,,,,,,,,,,,,,,
,,,,,,,,,,,,,,,,,,,,,,,78.091828981,77.7869385,0.568572461,5,2,4,3,1,977,0.117273333,944,0.349057686,945,0.283169833,965,0.082360311,892,0.119235007,0.118083881,3.25953E-4,0.948570184,1.032218202
78.575270858,77.97213433333333,0.585293693,4,3,5,2,1,971,0.150548396,902,0.101652699,992,0.01797986,962,0.248467391,885,0.066249547,0.118157518,1.198600703,1.016662921,0.048974695,,,,,,,,,,,,,,,,,,,,,,,
,,,,,,,,,,,,,,,,,,,,,,,79.041979021,80.209958,0.584169118,5,3,4,2,1,972,0.118130658,946,0.250240272,946,0.250105859,975,0.317115812,889,0.130918296,0.098515062,1.015129778,0.05017803,1.131393611
79.50729973,75.17927449999999,0.568230422,4,5,3,2,1,950,0.217475233,932,0.082477936,976,0.199472667,994,0.084563189,904,0.102290951,0.117500002,1.065763645,0.883549689,0.06796179,,,,,,,,,,,,,,,,,,,,,,,
,,,,,,,,,,,,,,,,,,,,,,,79.958572363,80.75124783333332,0.568426144,5,3,4,2,1,973,0.132709328,944,0.318035038,946,0.233810184,973,0.299105578,887,0.117175824,0.099835904,0.983537585,0.08422671,1.050647203
80.458039891,83.18757366666665,0.583387416,4,3,5,2,1,948,0.234499893,940,0.250120685,974,0.201289111,991,0.149587328,902,0.165394949,0.100029575,1.034426789,0.965377452,5.52833E-4,,,,,,,,,,,,,,,,,,,,,,,
,,,,,,,,,,,,,,,,,,,,,,,80.890786287,69.51283566666667,0.517007672,5,3,4,2,1,978,0.167907164,948,0.299368801,946,0.268293495,971,0.248919703,892,0.01513214,0.067330389,0.984751069,0.048200028,1.032739259
81.3586933,83.26694833333332,0.567837844,3,5,4,2,1,952,0.199504482,927,0.099110982,979,0.16482054,990,0.117843216,920,0.083737778,0.099269361,1.133302734,7.5774E-4,1.018626627,,,,,,,,,,,,,,,,,,,,,,,
,,,,,,,,,,,,,,,,,,,,,,,81.858781045,74.80701683333335,0.568324,5,3,4,2,1,968,0.116734291,944,0.299808077,944,0.233002026,971,0.281425227,890,0.081674665,0.068297696,0.983571663,0.04995572,1.08482123
82.290359941,77.93888666666666,0.551061094,4,3,5,2,1,959,0.165614412,924,0.266077535,980,0.132302706,985,0.115732649,927,0.082898685,0.101914559,1.035042285,0.949971187,9.85958E-4,,,,,,,,,,,,,,,,,,,,,,,
,,,,,,,,,,,,,,,,,,,,,,,82.758700569,77.87182616666666,0.551767205,5,3,4,2,1,973,0.148890289,944,0.317740635,945,0.198782659,965,0.300487881,890,0.100083253,0.066743719,0.963823276,0.118958785,1.051152221
83.192352197,75.24588533333335,0.518188957,4,5,3,2,1,952,0.21794078,936,0.10048892,980,0.184524315,989,0.131398823,920,0.049361447,0.083519376,1.066779113,0.997722446,0.069137992,,,,,,,,,,,,,,,,,,,,,,,
,,,,,,,,,,,,,,,,,,,,,,,83.675325188,72.01940433333334,0.549685751,5,3,4,2,1,984,0.066894072,945,0.284339212,945,0.216620541,974,0.315175081,889,0.098918777,0.048330873,0.965104475,0.067719257,0.965083013
84.123929988,75.03529733333335,0.566175136,3,5,4,2,1,953,0.249211991,926,0.080970802,978,0.133972242,988,0.131985603,942,0.032958296,0.08398153,1.082689703,5.45618E-4,0.985330508,,,,,,,,,,,,,,,,,,,,,,,
,,,,,,,,,,,,,,,,,,,,,,,84.557068996,77.61510083333332,0.549102037,5,3,4,2,1,988,0.066698542,946,0.314383547,946,0.231760225,978,0.235281093,887,0.0673796,0.081627502,0.933797262,0.082623987,1.018253667
85.007233022,75.1078555,0.533576058,3,5,4,2,1,956,0.167319258,921,0.049778678,977,0.083812058,982,0.300409599,907,0.06833201,0.082811344,1.148700603,5.14651E-4,1.033604102,,,,,,,,,,,,,,,,,,,,,,,
,,,,,,,,,,,,,,,,,,,,,,,85.476756924,74.90461999999998,0.552442311,5,3,4,2,1,969,0.1653861,942,0.281994207,943,0.25002926,971,0.268632009,888,0.03345734,0.098657929,0.985077345,0.03196535,1.035172761
85.909878644,80.62171366666666,0.536144506,3,5,4,2,1,963,0.232460253,928,0.050281402,976,0.150450153,992,0.166254972,910,0.084379638,0.101352013,1.084341957,0.017285006,0.967312555,,,,,,,,,,,,,,,,,,,,,,,
86.374482832,83.40029783333335,0.016618754,0,0,0,0,1,2000,0.232460253,2000,0.050281402,2000,0.150450153,2000,0.166254972,939,1.14E-7,0.101352013,1.084341957,0.017285006,0.967312555,,,,,,,,,,,,,,,,,,,,,,,
,,,,,,,,,,,,,,,,,,,,,,,86.375342102,83.40029783333335,0.51787835,5,3,4,2,1,975,0.132543565,943,0.198990756,943,0.231032446,965,0.249399842,882,0.053216493,0.101222381,1.035245647,3.91314E-4,1.050451229
86.823474275,60.714435,0.431951955,3,5,4,1,2,953,0.183022355,916,0.018369822,983,0.09862806,978,0.298221647,930,2.44E-7,0.001458203,1.133360446,7.92627E-4,1.031399759,,,,,,,,,,,,,,,,,,,,,,,
,,,,,,,,,,,,,,,,,,,,,,,87.309055374,83.53786816666664,0.553246157,5,3,4,2,1,980,0.148689424,945,0.247798007,944,0.165156279,953,0.317084264,888,0.051269405,0.067718338,0.949276248,0.08264185,1.016699075
87.775843626,69.77560316666666,0.518807034,4,5,3,2,1,959,0.117576324,933,0.082622392,980,0.167486887,979,0.232080018,906,0.051545498,0.051449309,1.115219217,0.949664302,9.20854E-4,,,,,,,,,,,,,,,,,,,,,,,
,,,,,,,,,,,,,,,,,,,,,,,88.208013576,85.87202666666667,0.532323729,5,3,4,2,1,976,0.181910355,945,0.232098727,944,0.234497251,966,0.214550224,890,0.049206706,0.083441596,0.96812288,0.066188094,0.968624162
88.673495426,69.33265716666666,0.482573407,5,3,4,2,1,947,0.198446077,945,0.268023727,978,0.215631108,984,0.150049558,928,0.03426654,0.049787608,0.981700926,0.052392758,0.850361392,,,,,,,,,,,,,,,,,,,,,,,
,,,,,,,,,,,,,,,,,,,,,,,89.143287891,75.32172283333334,0.536368478,5,3,4,2,1,965,0.169036278,948,0.297606702,948,0.247205961,970,0.150710589,885,0.117799619,0.100395818,0.982683269,0.050400881,1.032656852
89.658041039,74.74722566666667,0.599192463,3,5,4,2,1,947,0.183737732,928,9.1E-8,977,0.099751306,979,0.218191942,884,0.083115667,0.098256161,1.134042058,0.017111463,1.098792493,,,,,,,,,,,,,,,,,,,,,,,
,,,,,,,,,,,,,,,,,,,,,,,90.108774717,77.95234366666666,0.601442655,5,3,4,2,1,972,0.149413854,943,0.332570591,944,0.282260983,967,0.267064219,890,0.084002555,0.099251077,0.950770427,0.050309728,1.049025245
90.56000548,80.60707533333333,0.584959833,4,5,3,2,1,968,0.184774152,910,0.097243411,977,0.166287153,981,0.332934664,886,0.100330144,0.115461292,1.149882401,0.982080934,0.019197873,,,,,,,,,,,,,,,,,,,,,,,
,,,,,,,,,,,,,,,,,,,,,,,91.026130765,80.47502383333334,0.567440789,5,3,4,2,1,975,0.119210066,942,0.284860187,942,0.234537751,964,0.28445932,887,0.114343692,0.114243209,1.033947061,0.050322552,1.097785769
91.524730144,86.20349649999999,0.583191908,3,5,4,2,1,965,0.184265435,915,0.098719236,978,0.150344812,989,0.30149225,878,0.099752339,0.11503923,1.183985311,4.41288E-4,0.985110247,,,,,,,,,,,,,,,,,,,,,,,
,,,,,,,,,,,,,,,,,,,,,,,92.007583403,74.66800516666665,0.54882359,5,3,4,2,1,966,0.117347969,940,0.214599835,939,0.197970994,972,0.284696613,888,0.081150746,0.080995151,1.085675764,0.01662902,1.099365115
92.492925374,77.83286466666665,0.586157153,4,5,3,2,1,951,0.167535473,919,0.03236869,972,0.13471826,983,0.348815878,878,0.068259035,0.084719724,1.167165198,0.965455222,0.118247697,,,,,,,,,,,,,,,,,,,,,,,
,,,,,,,,,,,,,,,,,,,,,,,92.942535576,77.86723983333334,0.568770011,5,3,4,2,1,968,0.132833114,940,0.216615414,940,0.168363225,968,0.1993036,884,0.119199139,0.167092065,1.052485482,0.048252329,1.015308234
93.37502722,72.3828635,0.534045762,3,5,4,2,1,948,0.199994265,938,0.0144028,965,0.115826651,990,0.250006082,867,0.116561028,0.134341612,1.13467397,6.57565E-4,1.002362313,,,,,,,,,,,,,,,,,,,,,,,
,,,,,,,,,,,,,,,,,,,,,,,93.79288423,77.735944,0.517617578,5,3,4,2,1,974,0.199205345,946,0.216753944,946,0.200527217,979,0.267352696,886,0.099897822,0.14976225,0.934769206,0.016226929,0.934591631
94.292766531,72.33982116666667,0.551085732,3,5,4,2,1,947,0.20138201,918,0.066583101,976,0.14969744,990,0.180651887,878,0.099929644,0.117541683,1.032370794,5.12556E-4,0.964488554,,,,,,,,,,,,,,,,,,,,,,,
,,,,,,,,,,,,,,,,,,,,,,,94.741481785,80.13288333333334,0.565761793,5,3,4,2,1,968,0.133237631,937,0.181089845,937,0.180554076,978,0.167456538,879,0.098427433,0.16611491,0.9836641,5.35858E-4,1.017275048
95.20825393,72.62085450000001,0.551736959,4,5,3,2,1,951,0.100267422,934,0.018259675,970,0.131931592,991,0.217387778,882,0.101827893,0.118614359,1.065791598,0.984292203,0.06453857,,,,,,,,,,,,,,,,,,,,,,,
,,,,,,,,,,,,,,,,,,,,,,,95.661053083,77.70972133333333,0.568810748,5,3,4,2,1,975,0.133424168,939,0.181901162,939,0.148971467,971,0.23428023,881,0.116037452,0.18129986,1.000014385,0.032929869,1.016268624
96.091343089,80.51024650000001,0.532842847,4,5,3,2,1,955,0.149429964,936,7.8E-8,971,0.117421771,984,0.133444407,868,0.134093564,0.24935797,1.082180369,0.95083925,0.098658431,,,,,,,,,,,,,,,,,,,,,,,
,,,,,,,,,,,,,,,,,,,,,,,96.4602987,69.5838335,0.418729859,5,4,2,3,1,940,0.150071511,946,0.136024503,936,0.132689775,977,0.131996507,896,0.049808526,0.11725016,6.93647E-4,0.831318794,0.834228282
96.47507111,69.5838335,0.016002499,0,0,0,0,1,2000,0.149429964,2000,7.8E-8,2000,0.117421771,2000,0.133444407,921,1.465E-6,0.24935797,1.082180369,0.95083925,0.098658431,,,,,,,,,,,,,,,,,,,,,,,
96.942120389,52.572779666666676,0.399434472,3,5,4,2,1,949,0.200909439,936,0.049095118,984,0.199989599,985,0.100103019,897,2.227E-6,0.015137828,0.867557053,9.22544E-4,0.849629702,,,,,,,,,,,,,,,,,,,,,,,
,,,,,,,,,,,,,,,,,,,,,,,97.341780632,69.3863265,0.483661285,5,3,4,2,1,975,0.085326298,945,0.250085753,946,0.200416298,972,0.199076765,881,0.04936353,0.100087646,0.833597969,0.049669872,0.984000884
97.82710047,80.71936916666667,0.552666558,3,5,4,2,1,944,0.199567143,942,0.032668182,970,0.099123516,993,0.165164752,879,0.100029646,0.084877646,0.984704101,6.04835E-4,0.965564827,,,,,,,,,,,,,,,,,,,,,,,
98.258848114,69.29062883333333,0.084354158,0,0,0,0,1,2000,0.199567143,2000,0.032668182,2000,0.099123516,2000,0.165164752,887,0.051042364,0.084877646,0.984704101,6.04835E-4,0.965564827,,,,,,,,,,,,,,,,,,,,,,,
,,,,,,,,,,,,,,,,,,,,,,,98.260538024,69.29062883333333,0.501746782,5,3,4,2,1,972,0.151526952,944,0.216496961,942,0.183836216,976,0.232965987,882,0.016395697,0.083375111,0.933734128,0.032661307,0.998979717
98.725072421,61.031691,0.433842836,3,4,5,1,2,953,0.131959666,906,0.099532358,982,0.06489831,963,0.250634116,935,0.050480105,8.36887E-4,1.1661458,7.27924E-4,2.15416E-4,,,,,,,,,,,,,,,,,,,,,,,
,,,,,,,,,,,,,,,,,,,,,,,99.176669201,72.50249966666667,0.51924879,5,3,4,2,1,963,0.081669294,937,0.182254705,936,0.166701773,969,0.20001319,883,0.067698246,0.184807515,1.03357938,0.015553393,1.051690482
99.659438493,80.61352250000002,0.567003646,3,5,4,2,1,943,0.233659765,936,0.082081099,966,0.150862225,993,0.200489457,884,0.13224241,0.148846258,1.081322359,4.43026E-4,0.933250974,,,,,,,,,,,,,,,,,,,,,,,
,,,,,,,,,,,,,,,,,,,,,,,100.092482297,74.7823045,0.516366078,5,3,4,2,1,971,0.167325257,941,0.251285463,942,0.200696143,977,0.199799404,884,0.065182372,0.116856173,0.865223094,0.05059195,0.950788859
100.543177221,72.33140999999999,0.518367596,4,5,3,2,1,946,0.181917567,923,0.051107062,969,0.117510447,984,0.266595477,882,0.015285347,0.084440563,1.066359064,0.952249625,0.065711325,,,,,,,,,,,,,,,,,,,,,,,
,,,,,,,,,,,,,,,,,,,,,,,100.992505396,80.640599,0.53370461,5,3,4,2,1,988,0.147930886,938,0.182212294,939,0.134682046,964,0.214992393,880,0.084405404,0.184099831,0.998559337,0.081891454,1.052120456
101.458708743,72.32319266666666,0.516067076,3,5,4,2,1,947,0.184163415,966,7.5E-8,966,0.149657171,987,0.318373287,885,0.015416207,0.115564353,1.116662671,0.00100854,1.084438747,,,,,,,,,,,,,,,,,,,,,,,
,,,,,,,,,,,,,,,,,,,,,,,101.959640861,77.64047166666666,0.583059909,5,3,4,2,1,979,0.184219869,936,0.233663782,934,0.148870365,968,0.250538845,885,0.115524894,0.147170857,0.931995224,0.084793966,0.917960234
102.392239697,72.29966933333334,0.549815738,4,5,3,2,1,954,0.164099593,909,0.067085617,977,0.099389945,975,0.282084482,885,0.05005658,0.100356374,1.084782822,0.933391997,0.049828732,,,,,,,,,,,,,,,,,,,,,,,
102.809928692,77.7273725,0.067342275,0,0,0,0,1,2000,0.164099593,2000,0.067085617,2000,0.099389945,2000,0.282084482,883,0.03147267,0.100356374,1.084782822,0.933391997,0.049828732,,,,,,,,,,,,,,,,,,,,,,,
,,,,,,,,,,,,,,,,,,,,,,,102.843148644,77.7273725,0.566924313,5,3,4,2,1,969,0.084636563,935,0.216902146,937,0.15044396,964,0.21660544,882,0.116041086,0.16476667,0.968643117,0.066458615,0.981491979
103.293864298,49.8309015,0.418018193,4,5,3,1,2,949,0.166823219,928,0.032504472,967,0.100259648,982,0.250453478,890,7.05E-7,8.72371E-4,1.099608467,0.915285438,0.08404998,,,,,,,,,,,,,,,,,,,,,,,
,,,,,,,,,,,,,,,,,,,,,,,103.744042402,77.64078333333333,0.569210147,5,3,4,2,1,979,0.148183363,934,0.217117214,934,0.131905014,966,0.232752429,885,0.119067408,0.184059328,0.951672871,0.067075531,0.950943359
104.175491338,80.95084416666667,0.534815253,4,5,3,2,1,945,0.16708227,944,8.5E-8,970,0.118950359,992,0.182658344,885,0.05229163,0.117556696,1.046829367,0.898073809,0.117071288,,,,,,,,,,,,,,,,,,,,,,,
,,,,,,,,,,,,,,,,,,,,,,,104.659493401,74.96519383333334,0.533110961,5,3,4,2,1,981,0.115886754,934,0.249344283,934,0.181987267,960,0.231479116,883,0.04915635,0.11636605,0.916146353,0.06735814,0.983517864
105.092347458,69.49818233333335,0.516174442,3,5,4,2,1,948,0.150128907,926,0.015120231,980,0.09974604,980,0.132830672,882,0.065530506,0.08273515,1.101331756,6.37045E-4,1.01930064,,,,,,,,,,,,,,,,,,,,,,,
,,,,,,,,,,,,,,,,,,,,,,,105.559687058,75.00379483333333,0.566525018,5,3,4,2,1,972,0.149925842,933,0.165860293,933,0.151913343,971,0.200759235,884,0.082229677,0.132137342,1.000455089,0.013948052,0.966005233
106.009942969,77.58888633333333,0.566758909,3,5,4,2,1,943,0.166655983,937,1.38E-7,969,0.114258378,990,0.23281169,884,0.098927841,0.11572083,1.10087018,6.79274E-4,1.032614482,,,,,,,,,,,,,,,,,,,,,,,
,,,,,,,,,,,,,,,,,,,,,,,106.460052018,77.9738385,0.551332927,5,3,4,2,1,987,1.75E-7,937,0.249177516,937,0.148985606,952,0.249616726,887,0.083609556,0.116488526,0.934116014,0.100192352,1.102543248
106.926476865,68.98334166666666,0.549916408,4,5,3,2,1,948,0.165098101,930,0.032775683,972,0.101361126,989,0.116857917,872,0.066278375,0.116684588,1.083917971,0.917070796,0.066841823,,,,,,,,,,,,,,,,,,,,,,,
,,,,,,,,,,,,,,,,,,,,,,,107.342248786,81.0384785,0.551787632,5,3,4,2,1,978,0.166304008,932,0.218092065,932,0.166267001,963,0.250321864,887,0.084548008,0.152180426,0.965979676,0.051825673,0.966088158
107.358100348,81.0384785,0.081409072,0,0,0,0,1,2000,0.165098101,2000,0.032775683,2000,0.101361126,2000,0.116857917,915,0.064913945,0.116684588,1.083917971,0.917070796,0.066841823,,,,,,,,,,,,,,,,,,,,,,,
107.810313939,55.80635899999999,0.435268038,3,5,4,2,1,949,0.184407837,927,0.03372962,969,0.0838991,986,0.266711128,883,3.11E-7,0.018075734,1.082093773,5.94232E-4,0.999303492,,,,,,,,,,,,,,,,,,,,,,,
,,,,,,,,,,,,,,,,,,,,,,,108.258924875,74.96717866666668,0.549040612,5,3,4,2,1,971,0.099301897,934,0.250110912,934,0.216651242,980,0.21681877,888,0.115266921,0.132661135,0.915961672,0.033460133,0.982903718
108.726502814,77.87360916666665,0.566815779,4,5,3,2,1,952,0.184640742,931,0.048494696,979,0.181588907,991,0.234917275,882,0.0830036,0.098831401,1.033294075,0.883334987,0.100835561,,,,,,,,,,,,,,,,,,,,,,,
,,,,,,,,,,,,,,,,,,,,,,,109.159533884,71.97566533333334,0.532604809,5,3,4,2,1,980,0.06652378,936,0.232890181,936,0.151114314,975,0.233237295,883,0.065761921,0.116390144,0.951100361,0.081776379,1.017967758
109.644543829,75.17837166666668,0.585760576,3,5,4,2,1,954,0.16704082,921,0.048930382,975,0.099857825,991,0.233339286,885,0.084632243,0.084476843,1.116891675,5.93564E-4,1.002246504,,,,,,,,,,,,,,,,,,,,,,,
,,,,,,,,,,,,,,,,,,,,,,,110.076939376,83.366486,0.567085881,5,3,4,2,1,974,0.148957603,941,0.248977792,941,0.182257301,958,0.264963008,884,0.065934486,0.134763284,0.949424707,0.083807746,1.000685151
110.577584973,74.722023,0.567532496,4,5,3,2,1,961,0.081863878,922,8.2E-8,980,0.052038259,980,0.268395789,892,0.115804309,0.115688062,1.231459528,1.018029039,0.033075207,,,,,,,,,,,,,,,,,,,,,,,
,,,,,,,,,,,,,,,,,,,,,,,111.01112343,89.07436333333332,0.552737828,5,3,4,2,1,991,0.049903971,944,0.185504753,942,0.232676449,971,0.251244351,886,0.083689401,0.133655261,1.029653679,0.034974085,1.016826164
111.461144492,61.22514550000002,0.468313702,3,5,4,2,1,954,0.168408767,923,0.049443379,978,0.083172586,988,0.199594751,900,0.10060833,0.10045134,1.11590114,6.52236E-4,0.899134823,,,,,,,,,,,,,,,,,,,,,,,
111.875643405,80.12848133333333,0.034691429,0,0,0,0,1,2000,0.168408767,2000,0.049443379,2000,0.083172586,2000,0.199594751,909,0.019823191,0.10045134,1.11590114,6.52236E-4,0.899134823,,,,,,,,,,,,,,,,,,,,,,,
,,,,,,,,,,,,,,,,,,,,,,,111.927619376,80.12848133333333,0.567437197,5,3,4,2,1,984,0.13115826,944,0.198633794,944,0.14966471,965,0.250051256,883,0.082734079,0.133170696,0.985385586,0.04896951,1.000913894
112.343061613,55.77367900000001,0.400728046,3,5,4,1,2,958,0.182969612,934,0.049985502,980,0.09927408,988,0.201016298,900,1.09E-7,7.99725E-4,1.049087835,5.1583E-4,0.949879933,,,,,,,,,,,,,,,,,,,,,,,
,,,,,,,,,,,,,,,,,,,,,,,112.8420231,80.11832433333335,0.565047127,5,3,4,2,1,969,0.150895362,938,0.215262283,937,0.168044299,970,0.232741823,879,0.082836523,0.133084325,0.967103086,0.064025066,0.96592594
113.276296711,69.5556765,0.518611346,4,5,3,2,1,969,0.130950589,912,0.083079795,976,0.098981448,982,0.282964379,879,0.034140023,0.068986279,1.100467185,0.934351154,0.015217386,,,,,,,,,,,,,,,,,,,,,,,
,,,,,,,,,,,,,,,,,,,,,,,113.726022115,78.03829066666665,0.551002688,5,3,4,2,1,979,0.100085365,940,0.268802194,939,0.218449892,964,0.249720827,882,0.101299465,0.133860713,0.964795317,0.050352725,1.0190915
114.192647545,75.04437733333333,0.549398288,4,5,3,2,1,964,0.166318219,930,0.049957996,963,0.115644464,987,0.249360507,874,0.082384188,0.117236234,1.116606813,0.932387724,0.0503771,,,,,,,,,,,,,,,,,,,,,,,
,,,,,,,,,,,,,,,,,,,,,,,114.643734772,77.65891316666668,0.550217274,5,3,4,2,1,975,0.166086475,940,0.215617287,940,0.151316804,972,0.266520019,881,0.0839816,0.165690666,1.001227517,0.064301086,1.00229608
115.109152664,75.07041466666666,0.549683638,3,5,4,2,1,956,0.135169469,922,0.066326518,971,0.051785194,987,0.251198598,879,0.148802872,0.115059129,1.13109387,4.3942E-4,0.967574024,,,,,,,,,,,,,,,,,,,,,,,
,,,,,,,,,,,,,,,,,,,,,,,115.542875752,80.62533466666667,0.532982277,5,3,4,2,1,961,0.183553406,939,0.234750634,939,0.200004632,975,0.232414663,883,0.115760257,0.133148359,0.966268774,0.034746518,0.936434332
116.044641792,69.46756166666665,0.550997995,3,5,4,2,1,953,0.165690292,916,0.067205427,976,0.097716089,984,0.268290776,873,0.015536892,0.081602025,1.119076665,4.9416E-4,0.951218343,,,,,,,,,,,,,,,,,,,,,,,
,,,,,,,,,,,,,,,,,,,,,,,116.460823564,77.58067,0.55037455,5,3,4,2,1,964,0.116432989,937,0.216933252,937,0.150645752,970,0.216209657,881,0.165473627,0.200117671,0.983794531,0.066288102,0.999671358
116.96122056,75.17791233333334,0.58528777,3,5,4,2,1,956,0.165307807,924,0.067738618,970,0.080754062,987,0.299310059,884,0.084331174,0.0998477,1.118556948,5.33638E-4,0.96516009,,,,,,,,,,,,,,,,,,,,,,,
,,,,,,,,,,,,,,,,,,,,,,,117.376708781,77.66671633333333,0.549708043,5,3,4,2,1,968,0.115973862,935,0.21695785,935,0.169141731,964,0.280486326,882,0.116449952,0.134257562,0.933224097,0.047816569,0.984410924
117.860616209,74.94698583333333,0.567615875,4,5,3,2,1,962,0.165574378,912,0.049620708,974,0.099046086,981,0.2833011,884,0.082993691,0.099506906,1.13447848,0.933317449,0.065939416,,,,,,,,,,,,,,,,,,,,,,,
,,,,,,,,,,,,,,,,,,,,,,,118.292926843,77.60234966666665,0.55024383,5,3,4,2,1,966,0.115015695,936,0.199877988,936,0.148419663,971,0.250046809,885,0.100722456,0.151194884,0.997957016,0.051458996,1.002065275
118.778337911,78.19961966666666,0.57004125,3,5,4,2,1,956,0.215127109,915,0.064667415,969,0.098946174,982,0.267027062,880,0.08400009,0.101950431,1.135167001,7.22615E-4,0.966745523,,,,,,,,,,,,,,,,,,,,,,,
,,,,,,,,,,,,,,,,,,,,,,,119.259838193,72.20305933333333,0.582343156,5,3,4,2,1,966,0.100924414,936,0.200431195,936,0.182660954,969,0.201546912,885,0.080459079,0.180532524,0.983192426,0.033234305,0.981365878
119.659885934,77.55393633333333,0.549173506,4,5,3,2,1,953,0.165375427,913,0.083630015,974,0.115504345,982,0.266738439,886,0.065300593,0.098645603,1.117036519,0.933019546,0.04732514,,,,,,,,,,,,,,,,,,,,,,,
,,,,,,,,,,,,,,,,,,,,,,,120.125419857,74.91112099999998,0.549383218,5,3,4,2,1,972,0.051323804,936,0.215073898,938,0.167307658,966,0.232662818,883,0.08386286,0.168080091,0.919622585,0.047766852,1.048915933
120.593333819,75.18131766666666,0.567830872,3,5,4,2,1,955,0.233316185,923,0.065047888,967,0.115644291,988,0.284474053,878,0.08400611,0.099552573,1.117831819,9.02802E-4,0.966059662,,,,,,,,,,,,,,,,,,,,,,,
,,,,,,,,,,,,,,,,,,,,,,,121.027933591,77.89887949999999,0.551341942,5,3,4,2,1,980,0.115394437,936,0.232947771,933,0.183744695,965,0.233345418,882,0.116783062,0.151049704,0.93340725,0.049204549,1.017450228
121.510751422,83.31779766666668,0.566767277,3,5,4,2,1,956,0.183711766,927,0.082695642,965,0.116099402,986,0.265869021,872,0.065543078,0.116387499,1.135121337,5.68588E-4,1.015445063,,,,,,,,,,,,,,,,,,,,,,,
,,,,,,,,,,,,,,,,,,,,,,,121.959665287,69.34423733333333,0.51577402,5,3,4,2,1,996,0.100735948,935,0.217067187,936,0.167298945,964,0.215465767,883,0.032216543,0.13333409,0.999724688,0.049768815,1.032887833
122.410422858,80.71678499999999,0.550466614,4,5,3,2,1,954,0.149742852,919,0.084706363,968,0.098263832,982,0.251413298,888,0.166325172,0.133065708,1.116789496,0.950518415,0.04885285,,,,,,,,,,,,,,,,,,,,,,,
,,,,,,,,,,,,,,,,,,,,,,,122.893445255,74.78555683333333,0.549187432,5,3,4,2,1,989,0.034106416,935,0.199758573,936,0.165507206,969,0.216065225,884,0.082425878,0.14982025,0.949398839,0.049563228,0.998900546
123.327941697,77.94698000000001,0.534971291,4,5,3,2,1,955,0.132932006,924,0.031742207,968,0.133323021,983,0.283295095,882,0.050692511,0.099739751,1.10003629,0.95055664,0.066920891,,,,,,,,,,,,,,,,,,,,,,,
,,,,,,,,,,,,,,,,,,,,,,,123.793610843,75.07862833333333,0.532958177,5,3,4,2,1,1003,0.015125148,937,0.215195732,936,0.131858469,961,0.248945866,883,0.049087656,0.133312407,0.966977009,0.083337871,1.017952406
124.244237406,72.14293100000002,0.533113549,3,5,4,2,1,964,0.167589089,911,0.051041693,971,0.117226861,976,0.249638126,878,0.066343038,0.099977168,1.13352539,5.15678E-4,0.982062349,,,,,,,,,,,,,,,,,,,,,,,
,,,,,,,,,,,,,,,,,,,,,,,124.694399489,77.85691116666665,0.550415587,5,3,4,2,1,971,0.150075821,935,0.233288588,935,0.151432474,969,0.199280619,885,0.116855742,0.183100384,0.966877907,0.0818566,0.932076875
125.177761168,80.4773265,0.566638226,4,5,3,2,1,955,0.164906906,919,0.016776342,969,0.131523643,985,0.316176392,878,0.116199272,0.132344625,1.117018776,0.917998109,0.132974822,,,,,,,,,,,,,,,,,,,,,,,
125.610392535,77.90870066666666,0.048953396,0,0,0,0,1,2000,0.164906906,2000,0.016776342,2000,0.131523643,2000,0.316176392,882,0.013859428,0.132344625,1.117018776,0.917998109,0.132974822,,,,,,,,,,,,,,,,,,,,,,,
,,,,,,,,,,,,,,,,,,,,,,,125.610840205,77.90870066666666,0.516852892,5,3,4,2,1,980,0.04748111,936,0.266446239,938,0.148962363,963,0.266788482,889,0.050625573,0.100135614,0.916540914,0.11748425,1.08514555
126.079150564,55.629329333333324,0.434533816,3,5,4,1,2,955,0.149041631,931,0.016396092,966,0.082886795,986,0.282934788,879,1.84E-7,8.54007E-4,1.117654917,5.3056E-4,1.000064145,,,,,,,,,,,,,,,,,,,,,,,
,,,,,,,,,,,,,,,,,,,,,,,126.545097997,74.710395,0.566705149,5,3,4,2,1,975,2.26E-7,938,0.251852993,936,0.150278415,961,0.248132773,890,0.065784485,0.115564546,0.965714137,0.101575694,1.050363505
126.992797018,83.55180283333334,0.566142377,4,5,3,2,1,951,0.181716847,913,0.033385031,973,0.116646491,983,0.283512269,884,0.117788476,0.133120035,1.098933406,0.899625619,0.100087152,,,,,,,,,,,,,,,,,,,,,,,
127.44562229,72.1053165,0.085024695,0,0,0,0,1,2000,0.181716847,2000,0.033385031,2000,0.116646491,2000,0.283512269,924,0.016005674,0.133120035,1.098933406,0.899625619,0.100087152,,,,,,,,,,,,,,,,,,,,,,,
,,,,,,,,,,,,,,,,,,,,,,,127.476902553,88.73834800000002,0.548936872,5,3,4,2,1,992,0.085494917,931,0.282511246,940,0.182822559,950,0.216618456,883,0.049723661,0.132564355,1.000193278,0.067424507,0.997488737
127.910470024,58.47456466666666,0.450074178,4,5,3,1,2,947,0.133897432,926,0.033884798,972,0.115943756,985,0.284281936,899,0.015457923,6.55862E-4,1.084543849,0.949770582,0.065814774,,,,,,,,,,,,,,,,,,,,,,,
,,,,,,,,,,,,,,,,,,,,,,,128.393914206,77.57428300000001,0.582670366,5,3,4,2,1,973,0.098791608,935,0.183275232,933,0.166824625,972,0.282350405,887,0.066706079,0.132893245,0.982679381,0.033346593,0.983013389
128.828437791,77.76833716666667,0.551748903,4,5,3,2,1,953,0.166907156,918,0.050404675,970,0.116476933,982,0.284157069,892,0.066765051,0.083518335,1.115357099,0.949907152,0.066865215,,,,,,,,,,,,,,,,,,,,,,,
129.261741256,75.22397233333334,0.067098556,0,0,0,0,1,2000,0.166907156,2000,0.050404675,2000,0.116476933,2000,0.284157069,909,0.050105336,0.083518335,1.115357099,0.949907152,0.066865215,,,,,,,,,,,,,,,,,,,,,,,
,,,,,,,,,,,,,,,,,,,,,,,129.279846427,88.92113016666667,0.536546542,5,3,4,2,1,985,0.150547993,933,0.19951952,931,0.133816365,967,0.200368191,884,0.049222567,0.167356557,1.01648694,0.050323653,0.999778014
129.730006572,58.49413800000001,0.453180872,4,5,3,1,2,947,0.18307327,938,8.2E-8,973,0.149366682,994,0.183165051,892,0.015698229,9.36912E-4,1.08422493,0.901608232,0.115443426,,,,,,,,,,,,,,,,,,,,,,,
,,,,,,,,,,,,,,,,,,,,,,,130.2292685,85.95219966666667,0.601477569,5,3,4,2,1,999,0.218793029,931,0.232915548,931,0.148764853,959,0.232958051,877,0.102286204,0.166756847,0.933300137,0.084151155,0.965323963
130.679324709,69.39197566666667,0.535820909,3,5,4,2,1,958,0.132162036,922,8.2E-8,971,0.064740434,979,0.234816315,882,0.067409104,0.084990945,1.184223774,7.68283E-4,1.049213203,,,,,,,,,,,,,,,,,,,,,,,
,,,,,,,,,,,,,,,,,,,,,,,131.111508675,75.05049116666667,0.551651649,5,3,4,2,1,968,0.099306472,929,0.216719532,930,0.166374403,972,0.284644457,892,0.083445595,0.098983982,0.948801811,0.06706518,0.949374113
131.562907118,75.21894516666667,0.552748553,4,5,3,2,1,952,0.151666755,921,0.066114572,973,0.135487817,986,0.250449954,873,0.06775982,0.115627483,1.0805788,0.881466606,0.051902254,,,,,,,,,,,,,,,,,,,,,,,
,,,,,,,,,,,,,,,,,,,,,,,132.011009483,80.3586575,0.54953668,5,3,4,2,1,991,0.199871616,933,0.267155271,931,0.250106626,979,0.199843563,887,0.083490594,0.133119627,1.001511589,0.017049174,0.95005765
132.495240188,74.91519850000002,0.551615936,4,5,3,2,1,962,0.166426483,911,0.016811874,973,0.085403739,979,0.283216268,885,0.066783728,0.099981791,1.134224812,0.968702969,0.067266532,,,,,,,,,,,,,,,,,,,,,,,
132.893797664,80.92999116666667,0.015102658,0,0,0,0,1,2000,0.166426483,2000,0.016811874,2000,0.085403739,2000,0.283216268,921,2.29E-7,0.099981791,1.134224812,0.968702969,0.067266532,,,,,,,,,,,,,,,,,,,,,,,
,,,,,,,,,,,,,,,,,,,,,,,132.944929291,80.92999116666667,0.551813337,5,3,4,2,1,999,0.017681609,935,0.2335983,934,0.20118097,960,0.281882097,890,0.066847304,0.151256861,1.017020505,0.03241784,1.049563449
133.394161145,61.009995666666654,0.432392166,4,5,3,1,2,952,0.199728367,925,0.066760997,977,0.150048662,987,0.216387193,918,0.098529341,9.24534E-4,1.101107695,0.901388312,0.06660163,,,,,,,,,,,,,,,,,,,,,,,
,,,,,,,,,,,,,,,,,,,,,,,133.862287865,75.05048866666665,0.534457749,5,3,4,2,1,973,0.165119736,936,0.23231196,936,0.166216526,971,0.215481639,884,0.115885459,0.134512632,0.967057006,0.06609592,0.984530171
134.345554777,80.56192816666668,0.567423243,3,5,4,2,1,964,0.133117567,909,0.080791494,985,0.065813455,969,0.267912014,879,0.083513066,0.117427387,1.165688757,4.9539E-4,1.001566191,,,,,,,,,,,,,,,,,,,,,,,
,,,,,,,,,,,,,,,,,,,,,,,134.795962086,75.01900866666666,0.534458218,5,3,4,2,1,1001,0.032365366,934,0.284438335,942,0.216800713,958,0.315915056,887,0.06686928,0.084113961,0.914751547,0.09997844,1.150368752
135.329707197,80.53829400000001,0.618089759,3,5,4,2,1,963,0.185402396,909,0.085703499,984,0.067800069,969,0.299443896,871,0.083842498,0.099431155,1.164341192,5.65712E-4,0.947736587,,,,,,,,,,,,,,,,,,,,,,,
,,,,,,,,,,,,,,,,,,,,,,,135.778498506,74.8086335,0.583650623,5,3,4,2,1,986,0.034522784,934,0.218059966,935,0.250259752,969,0.284262289,889,0.083372552,0.115684434,1.048022913,2.57782E-4,1.066745514
136.278653962,86.15360216666664,0.634954752,4,5,3,2,1,961,0.202473918,927,0.033332587,981,0.134614259,984,0.234119168,881,0.100673243,0.201161099,1.199973595,0.965999977,0.1193132,,,,,,,,,,,,,,,,,,,,,,,
,,,,,,,,,,,,,,,,,,,,,,,136.779487712,97.23020466666667,0.618865212,5,3,4,2,1,959,0.134132227,950,0.267217827,948,0.201386595,978,0.33309844,893,0.13307499,0.118066397,1.067331708,0.065831839,1.199874048
